y,z[0],z[1],z[2],z[3],z[4],z[5],z[6],z[7],z[8],z[9],z[10],x
1972-09-28,12.2,6.7,6.26,6.92,7.58,7.86,8.08,None,None,None,None,6-month
1972-10-28,6.86,7.04,7.68,7.96,8.19,8.29,8.36,None,None,None,None,1-year
1972-11-28,13.64,9.09,7.88,7.99,8.29,8.43,8.55,None,None,None,None,2-year
1972-12-28,5.26,6.92,8.07,8.26,8.34,8.5,8.73,None,None,None,None,3-year
1973-01-28,6.18,6.42,7.32,7.87,8.33,8.55,8.84,None,None,None,None,5-year
1973-02-28,9.92,7.05,7.25,7.82,8.24,8.4,8.62,None,None,None,None,7-year
1973-03-28,6.27,6.97,7.82,8.23,8.48,8.56,8.74,None,None,None,None,10-year
1973-04-28,6.13,8.33,8.69,8.66,8.73,8.78,8.82,None,None,None,None,15-year
1973-05-28,8.57,8.95,9.33,9.41,9.46,9.51,9.62,None,None,None,None,20-year
1973-06-28,15.01,10.61,9.1,9.18,9.48,9.67,9.85,None,None,None,None,25-year
1973-07-28,10.0,10.21,10.25,10.12,9.89,9.83,9.87,None,None,None,None,30-year
1973-08-28,8.84,9.15,9.3,9.35,9.39,9.41,9.42,None,None,None,None,
1973-09-28,9.24,9.36,9.48,9.52,9.55,9.57,9.58,None,None,None,None,
1973-10-28,6.22,8.84,9.24,9.31,9.36,9.39,9.41,None,None,None,None,
1973-11-28,10.7,10.19,9.6,9.35,9.31,9.45,9.67,None,None,None,None,
1973-12-28,11.31,10.39,9.48,9.21,9.3,9.55,9.83,None,None,None,None,
1974-01-28,9.48,9.37,9.26,9.24,9.34,9.49,9.65,None,None,None,None,
1974-02-28,10.66,10.43,10.14,10.02,10.04,10.21,10.52,None,None,None,None,
1974-03-28,10.03,10.05,9.99,9.98,10.12,10.31,10.52,None,None,None,None,
1974-04-28,9.98,10.04,10.02,10.01,10.11,10.27,10.46,None,None,None,None,
1974-05-28,8.14,8.8,9.87,10.25,10.55,10.68,10.78,None,None,None,None,
1974-06-28,13.25,9.89,9.57,9.83,10.29,10.71,11.22,None,None,None,None,
1974-07-28,9.48,9.49,9.63,9.85,10.36,10.8,11.3,None,None,None,None,
1974-08-28,9.69,9.69,9.79,9.95,10.33,10.71,11.17,None,None,None,None,
1974-09-28,9.73,9.7,9.78,9.97,10.41,10.78,11.17,None,None,None,None,
1974-10-28,9.16,9.32,9.63,9.92,10.39,10.7,10.97,None,None,None,None,
1974-11-28,8.91,8.73,8.84,9.14,9.74,10.13,10.48,None,None,None,None,
1974-12-28,8.7,8.65,8.77,9.01,9.45,9.76,10.04,None,None,None,None,
1975-01-28,7.84,7.48,7.56,7.96,8.68,9.12,9.49,None,None,None,None,
1975-02-28,6.5,6.5,6.93,7.49,8.41,8.98,9.46,None,None,None,None,
1975-03-28,6.32,6.42,6.95,7.55,8.49,9.07,9.57,None,None,None,None,
1975-04-28,5.26,5.94,6.59,7.27,8.21,8.69,9.06,None,None,None,None,
1975-05-28,5.25,5.58,6.3,6.99,8.02,8.58,8.77,None,None,None,None,
1975-06-28,5.23,5.69,6.49,7.13,8.03,8.51,8.74,None,None,None,None,
1975-07-28,4.9,5.42,6.33,7.05,8.02,8.51,8.71,None,None,None,None,
1975-08-28,4.45,5.34,6.38,7.1,8.02,8.48,8.71,None,None,None,None,
1975-09-28,5.15,5.57,6.43,7.13,8.01,8.48,8.85,None,None,None,None,
1975-10-28,7.56,6.25,6.48,7.31,8.29,8.74,9.09,None,None,None,None,
1975-11-28,5.8,5.92,6.51,7.21,8.25,8.67,8.6,None,None,None,None,
1975-12-28,5.74,5.78,6.4,7.17,8.23,8.6,8.53,None,None,None,None,
1976-01-28,5.11,5.23,6.06,6.92,7.97,8.37,8.54,None,None,None,None,
1976-02-28,4.55,4.81,5.64,6.5,7.7,8.21,8.34,None,None,None,None,
1976-03-28,5.4,4.58,5.59,6.47,7.51,8.02,8.28,None,None,None,None,
1976-04-28,4.04,4.37,5.59,6.56,7.63,8.14,8.53,None,None,None,None,
1976-05-28,5.9,4.93,6.11,6.97,7.95,8.47,8.88,None,None,None,None,
1976-06-28,5.22,5.0,6.14,7.02,7.99,8.47,8.84,None,None,None,None,
1976-07-28,5.19,6.0,6.74,7.3,8.12,8.57,8.92,None,None,None,None,
1976-08-28,5.1,5.6,6.78,7.34,7.97,8.35,8.67,None,None,None,None,
1976-09-28,4.73,5.53,6.51,7.15,7.82,8.12,8.35,None,None,None,None,
1976-10-28,5.13,5.61,6.46,7.04,7.64,7.93,8.14,None,None,None,None,
1976-11-28,4.69,5.08,5.93,6.6,7.33,7.59,7.65,None,None,None,None,
1976-12-28,5.56,5.31,6.08,6.72,7.28,7.51,7.76,None,None,None,None,
1977-01-28,4.66,5.35,5.98,6.46,7.06,7.34,7.42,None,None,None,None,
1977-02-28,4.46,5.13,5.91,6.39,6.99,7.29,7.39,None,None,None,None,
1977-03-28,4.48,4.7,5.41,5.95,6.5,6.79,7.08,None,None,None,None,
1977-04-28,4.45,4.54,5.14,5.65,6.2,6.47,6.75,None,None,None,None,
1977-05-28,4.5,4.46,5.03,5.55,6.15,6.48,6.86,None,None,None,None,
1977-06-28,4.41,4.34,4.94,5.49,6.1,6.44,6.83,None,None,None,None,
1977-07-28,4.29,4.52,4.92,5.27,5.82,6.22,6.63,None,None,None,None,
1977-08-28,3.95,4.38,4.77,5.06,5.63,6.1,6.56,None,None,None,None,
1977-09-28,3.94,4.27,4.72,5.06,5.64,6.07,6.5,None,None,None,None,
1977-10-28,3.9,4.27,4.75,5.09,5.62,6.05,6.5,None,None,None,None,
1977-11-28,3.75,4.28,4.77,5.08,5.63,6.05,6.44,None,None,None,None,
1977-12-28,3.26,4.06,4.7,4.98,5.46,5.89,6.34,None,None,None,None,
1978-01-28,5.67,3.99,4.32,4.8,5.29,5.7,6.27,None,None,None,None,
1978-02-28,3.22,3.66,4.24,4.61,5.1,5.5,6.05,None,None,None,None,
1978-03-28,3.13,3.58,4.21,4.62,5.13,5.49,5.97,None,None,None,None,
1978-04-28,2.99,3.52,4.18,4.61,5.21,5.64,6.05,None,None,None,None,
1978-05-28,6.12,3.84,4.34,4.86,5.38,5.71,6.06,None,None,None,None,
1978-06-28,4.43,3.98,4.68,5.14,5.6,5.89,6.19,None,None,None,None,
1978-07-28,5.0,4.0,5.1,5.65,6.09,6.32,6.54,None,None,None,None,
1978-08-28,3.57,4.38,5.29,5.7,6.03,6.2,6.42,None,None,None,None,
1978-09-28,3.61,4.3,5.13,5.56,5.96,6.17,6.39,None,None,None,None,
1978-10-28,3.54,3.9,5.11,5.57,6.03,6.32,6.61,None,None,None,None,
1978-11-28,3.93,4.24,5.12,5.68,6.25,6.52,6.72,None,None,None,None,
1978-12-28,3.53,4.21,5.29,5.8,6.32,6.6,6.82,None,None,None,None,
1979-01-28,3.2,4.47,5.59,6.05,6.54,6.86,7.14,None,None,None,None,
1979-02-28,4.33,4.62,5.82,6.33,6.78,7.06,7.36,None,None,None,None,
1979-03-28,5.56,4.89,6.05,6.53,6.89,7.11,7.41,None,None,None,None,
1979-04-28,6.07,5.96,6.83,7.07,7.22,7.38,7.68,None,None,None,None,
1979-05-28,6.26,6.84,7.36,7.56,7.74,7.88,8.07,None,None,None,None,
1979-06-28,6.19,6.94,7.53,7.7,7.82,7.93,8.11,None,None,None,None,
1979-07-28,6.07,7.13,7.6,7.63,7.58,7.61,7.75,None,None,None,None,
1979-08-28,7.07,7.2,7.55,7.56,7.47,7.46,7.57,None,None,None,None,
1979-09-28,7.42,7.91,7.77,7.65,7.53,7.49,7.45,None,None,None,None,
1979-10-28,8.39,8.43,8.25,8.13,8.04,8.03,8.03,None,None,None,None,
1979-11-28,8.57,8.42,8.19,8.02,7.84,7.79,7.82,None,None,None,None,
1979-12-28,8.63,8.4,8.19,8.03,7.87,7.85,7.89,None,None,None,None,
1980-01-28,8.35,8.4,8.39,8.29,8.18,8.13,8.1,None,None,None,None,
1980-02-28,8.95,9.15,9.05,8.98,8.94,8.92,8.91,None,None,None,None,
1980-03-28,9.87,10.0,10.03,9.93,9.83,9.78,9.75,None,None,None,None,
1980-04-28,9.8,9.55,9.23,9.06,8.92,8.9,8.91,None,None,None,None,
1980-05-28,9.82,9.35,8.8,8.54,8.32,8.25,8.21,None,None,None,None,
1980-06-28,8.77,8.66,8.23,8.02,7.95,7.96,7.97,None,None,None,None,
1980-07-28,8.43,8.21,7.92,7.78,7.72,7.75,7.74,None,None,None,None,
1980-08-28,8.51,8.24,7.98,7.91,7.96,7.99,7.91,None,None,None,None,
1980-09-28,8.95,8.56,8.26,8.22,8.29,8.32,8.23,None,None,None,None,
1980-10-28,8.88,8.64,8.46,8.48,8.6,8.62,8.46,None,None,None,None,
1980-11-28,9.29,8.99,8.8,8.73,8.68,8.66,8.64,None,None,None,None,
1980-12-28,9.54,9.41,9.15,9.06,8.99,8.96,8.94,None,None,None,None,
1981-01-28,9.4,9.39,9.23,9.23,9.27,9.23,9.04,None,None,None,None,
1981-02-28,11.72,11.23,10.75,10.59,10.52,10.45,10.24,None,None,None,None,
1981-03-28,12.63,11.74,10.64,10.31,10.14,9.99,9.63,None,None,None,None,
1981-04-28,12.81,11.67,10.88,10.68,10.44,10.14,9.72,None,None,None,None,
1981-05-28,13.09,12.69,12.24,11.89,11.3,10.81,10.22,None,None,None,None,
1981-06-28,12.78,12.53,11.84,11.36,10.82,10.43,9.88,None,None,None,None,
1981-07-28,13.24,12.69,11.92,11.64,11.22,10.71,9.96,None,None,None,None,
1981-08-28,13.73,13.17,12.33,12.0,11.49,10.9,10.06,None,None,None,None,
1981-09-28,12.49,12.12,11.65,11.36,10.89,10.5,9.98,None,None,None,None,
1981-10-28,11.82,11.36,10.83,10.59,10.4,10.23,9.85,None,None,None,None,
1981-11-28,10.27,10.1,9.88,9.77,9.69,9.67,9.61,None,None,None,None,
1981-12-28,10.68,10.43,10.11,9.94,9.79,9.72,9.61,None,None,None,None,
1982-01-28,10.16,10.24,10.02,9.89,9.8,9.75,9.67,None,None,None,None,
1982-02-28,10.27,9.97,9.83,9.78,9.73,9.7,9.64,None,None,None,None,
1982-03-28,9.65,9.36,9.28,9.28,9.29,9.26,9.17,None,None,None,None,
1982-04-28,9.08,8.95,8.77,8.75,8.76,8.72,8.62,None,None,None,None,
1982-05-28,8.82,8.78,8.76,8.78,8.82,8.81,8.67,None,None,None,None,
1982-06-28,9.43,9.39,9.38,9.39,9.4,9.37,9.24,None,None,None,None,
1982-07-28,9.34,9.18,9.2,9.27,9.24,9.13,8.99,None,None,None,None,
1982-08-28,8.68,8.55,8.66,8.74,8.8,8.83,8.85,None,None,None,None,
1982-09-28,8.36,7.98,8.22,8.45,8.53,8.5,8.46,None,None,None,None,
1982-10-28,7.56,7.47,7.7,7.93,8.11,8.14,8.14,None,None,None,None,
1982-11-28,7.44,7.27,7.68,7.99,8.13,8.11,8.08,None,None,None,None,
1982-12-28,6.84,6.6,7.09,7.5,7.76,7.8,7.82,None,None,None,None,
1983-01-28,5.71,5.88,6.65,7.19,7.67,7.88,8.04,None,None,None,None,
1983-02-28,5.61,5.89,6.6,7.09,7.53,7.68,7.77,None,None,None,None,
1983-03-28,5.62,5.48,6.11,6.73,7.34,7.57,7.73,None,None,None,None,
1983-04-28,5.81,5.51,6.36,6.95,7.47,7.7,7.88,None,None,None,None,
1983-05-28,5.92,6.15,7.07,7.56,7.97,8.14,8.27,None,None,None,None,
1983-06-28,5.74,6.39,7.31,7.77,8.03,8.09,8.13,None,None,None,None,
1983-07-28,5.88,6.53,7.38,7.84,8.18,8.25,8.33,None,None,None,None,
1983-08-28,6.15,6.8,7.63,8.06,8.38,8.48,8.65,None,None,None,None,
1983-09-28,6.16,6.87,7.7,8.06,8.24,8.29,8.49,None,None,None,None,
1983-10-28,6.04,6.61,7.48,7.78,7.99,8.17,8.51,None,None,None,None,
1983-11-28,6.41,6.76,7.56,7.91,8.14,8.29,8.55,None,None,None,None,
1983-12-28,6.51,6.87,7.7,8.0,8.14,8.25,8.5,None,None,None,None,
1984-01-28,6.17,6.66,7.38,7.78,8.15,8.3,8.42,None,None,None,None,
1984-02-28,5.93,6.29,6.98,7.39,7.84,8.07,8.26,None,None,None,None,
1984-03-28,6.08,6.28,6.83,7.28,7.84,8.13,8.35,None,None,None,None,
1984-04-28,5.83,6.24,6.78,7.3,7.89,8.16,8.36,None,None,None,None,
1984-05-28,6.22,6.66,7.13,7.58,8.07,8.29,8.46,None,None,None,None,
1984-06-28,6.24,6.64,7.16,7.55,7.99,8.2,8.37,None,None,None,None,
1984-07-28,6.29,6.75,7.33,7.66,8.03,8.23,8.42,None,None,None,None,
1984-08-28,6.09,6.39,6.97,7.3,7.66,7.88,8.09,None,None,None,None,
1984-09-28,5.96,6.24,6.71,7.05,7.5,7.75,7.96,None,None,None,None,
1984-10-28,5.98,6.11,6.45,6.77,7.19,7.44,7.65,None,None,None,None,
1984-11-28,5.87,5.89,6.17,6.49,6.94,7.18,7.38,None,None,None,None,
1984-12-28,5.6,5.66,6.04,6.41,6.9,7.16,7.35,None,None,None,None,
1985-01-28,6.05,5.98,6.32,6.68,7.11,7.33,7.49,None,None,None,None,
1985-02-28,6.42,6.79,7.09,7.24,7.49,7.69,7.87,None,None,None,None,
1985-03-28,6.21,6.31,6.9,7.15,7.36,7.44,7.51,None,None,None,None,
1985-04-28,5.92,6.24,6.6,6.82,7.14,7.34,7.51,None,None,None,None,
1985-05-28,5.64,5.82,6.18,6.5,6.96,7.19,7.21,None,None,None,None,
1985-06-28,5.43,5.6,5.95,6.28,6.78,7.07,7.17,None,None,None,None,
1985-07-28,5.08,5.3,5.68,6.0,6.48,6.82,7.15,None,None,None,None,
1985-08-28,4.68,4.74,5.19,5.64,6.2,6.49,6.72,None,None,None,None,
1985-09-28,4.58,4.68,5.23,5.64,6.16,6.46,6.71,None,None,None,None,
1985-10-28,5.11,5.17,5.68,6.12,6.62,6.86,7.04,None,None,None,None,
1985-11-28,4.88,4.94,5.44,5.9,6.45,6.71,6.91,None,None,None,None,
1985-12-28,4.87,4.96,5.3,5.76,6.27,6.51,6.69,None,None,None,None,
1986-01-28,4.59,4.78,5.13,5.61,6.22,6.51,6.73,None,None,None,None,
1986-02-28,4.28,4.53,4.93,5.38,5.88,6.12,6.29,None,None,None,None,
1986-03-28,4.36,4.4,4.74,5.14,5.63,5.85,6.02,None,None,None,None,
1986-04-28,4.48,4.47,4.69,5.01,5.43,5.63,5.79,None,None,None,None,
1986-05-28,4.53,4.6,5.03,5.41,5.87,6.09,6.27,None,None,None,None,
1986-06-28,4.6,4.66,5.02,5.39,5.81,6.0,6.15,6.26,6.32,None,None,
1986-07-28,4.71,4.73,4.84,5.18,5.67,5.91,6.1,6.25,6.32,None,None,
1986-08-28,4.5,4.51,4.76,5.06,5.48,5.72,5.91,6.06,6.14,None,None,
1986-09-28,4.73,4.59,4.82,5.19,5.74,6.05,6.3,6.49,6.59,None,None,
1986-10-28,4.73,4.64,4.94,5.35,5.95,6.29,6.56,6.77,6.87,None,None,
1986-11-28,4.65,4.69,4.98,5.33,5.8,6.04,6.21,6.35,6.42,None,None,
1986-12-28,4.92,4.83,4.98,5.3,5.79,6.04,6.24,6.39,6.47,None,None,
1987-01-28,3.99,4.11,4.52,4.93,5.53,5.89,6.18,6.41,6.53,None,None,
1987-02-28,3.92,4.08,4.42,4.83,5.54,5.98,6.34,6.63,6.77,None,None,
1987-03-28,4.13,4.1,4.3,4.69,5.33,5.7,5.99,6.22,6.33,None,None,
1987-04-28,3.93,3.9,4.18,4.57,5.23,5.63,5.98,6.25,6.39,None,None,
1987-05-28,3.68,3.76,4.05,4.44,5.12,5.58,6.0,6.34,6.51,None,None,
1987-06-28,3.77,3.83,4.13,4.62,5.48,6.02,6.48,6.84,7.03,None,None,
1987-07-28,4.05,4.11,4.47,4.92,5.66,6.17,6.65,7.07,7.3,None,None,
1987-08-28,4.23,4.35,4.71,5.12,5.85,6.36,6.82,7.2,7.38,None,None,
1987-09-28,4.42,4.5,4.9,5.33,6.12,6.66,7.15,7.55,7.75,None,None,
1987-10-28,3.89,4.26,4.87,5.34,5.99,6.39,6.76,7.07,7.23,None,None,
1987-11-28,3.8,3.96,4.39,4.85,5.62,6.15,6.63,7.09,7.41,None,None,
1987-12-28,3.79,3.87,4.27,4.78,5.66,6.26,6.81,7.27,7.5,None,None,
1988-01-28,3.39,3.7,4.26,4.75,5.57,6.2,6.88,7.52,7.78,None,None,
1988-02-28,3.46,3.51,3.98,4.52,5.39,5.98,6.57,7.12,7.43,None,None,
1988-03-28,3.59,3.62,4.08,4.6,5.44,6.01,6.6,7.18,7.51,None,None,
1988-04-28,3.57,3.79,4.35,4.87,5.71,6.3,6.87,7.38,7.64,None,None,
1988-05-28,3.71,4.02,4.57,5.06,5.84,6.42,7.03,7.59,7.87,None,None,
1988-06-28,4.41,4.63,5.03,5.39,5.99,6.46,6.97,7.49,7.77,None,None,
1988-07-28,5.17,5.48,5.73,5.92,6.33,6.71,7.12,7.52,7.73,None,None,
1988-08-28,5.49,5.7,5.96,6.1,6.37,6.66,7.03,7.42,7.64,None,None,
1988-09-28,5.29,5.35,5.53,5.72,6.1,6.42,6.78,7.18,7.47,None,None,
1988-10-28,4.98,5.04,5.21,5.4,5.78,6.11,6.5,6.95,7.25,None,None,
1988-11-28,5.24,5.21,5.35,5.58,6.01,6.35,6.7,7.09,7.32,None,None,
1988-12-28,5.63,5.65,5.76,5.9,6.21,6.47,6.75,7.02,7.19,None,None,
1989-01-28,6.04,6.17,6.36,6.48,6.62,6.71,6.81,6.98,7.16,None,None,
1989-02-28,6.79,6.9,7.06,7.08,7.04,7.02,7.03,7.11,7.22,None,None,
1989-03-28,6.59,6.73,6.87,6.91,6.93,6.97,7.04,7.15,7.23,None,None,
1989-04-28,6.55,6.66,6.79,6.85,6.89,6.89,6.9,6.98,7.1,None,None,
1989-05-28,7.18,7.17,7.15,7.13,7.1,7.08,7.07,7.08,7.14,None,None,
1989-06-28,6.92,6.96,6.96,6.94,6.9,6.87,6.85,6.87,6.93,None,None,
1989-07-28,6.76,6.73,6.71,6.71,6.7,6.68,6.66,6.71,6.88,None,None,
1989-08-28,6.98,6.96,6.96,6.97,6.96,6.92,6.87,6.88,7.0,None,None,
1989-09-28,7.4,7.39,7.37,7.33,7.22,7.12,7.02,6.99,7.12,None,None,
1989-10-28,7.82,7.76,7.65,7.55,7.39,7.27,7.15,7.08,7.14,None,None,
1989-11-28,8.03,7.92,7.84,7.82,7.74,7.62,7.43,7.22,7.1,None,None,
1989-12-28,7.83,7.68,7.66,7.7,7.66,7.54,7.38,7.22,7.14,None,None,
1990-01-28,8.16,8.14,8.12,8.13,8.13,8.05,7.88,7.61,7.43,None,None,
1990-02-28,8.7,8.76,8.86,8.92,8.96,8.93,8.78,8.38,7.94,None,None,
1990-03-28,8.41,8.65,8.82,8.85,8.79,8.68,8.5,8.25,8.07,None,None,
1990-04-28,8.51,8.74,8.92,9.01,9.06,9.05,8.96,8.79,8.65,None,None,
1990-05-28,8.41,8.64,8.84,8.94,9.0,8.97,8.85,8.64,8.46,None,None,
1990-06-28,8.39,8.55,8.72,8.82,8.9,8.88,8.78,8.55,8.34,None,None,
1990-07-28,8.26,8.45,8.56,8.61,8.65,8.65,8.59,8.43,8.22,None,None,
1990-08-28,8.73,8.81,8.92,9.0,9.08,9.1,9.04,8.82,8.53,None,None,
1990-09-28,8.7,8.79,8.96,9.09,9.24,9.29,9.23,8.95,8.61,None,None,
1990-10-28,8.49,8.64,8.83,8.96,9.09,9.11,9.04,8.8,8.55,None,None,
1990-11-28,8.96,8.91,8.95,9.03,9.08,9.02,8.85,8.54,8.3,None,None,
1990-12-28,9.19,9.03,9.03,9.06,9.07,9.08,9.09,9.09,9.1,None,None,
1991-01-28,8.86,8.97,8.99,9.01,8.98,8.85,8.61,8.26,8.03,None,None,
1991-02-28,8.73,8.69,8.63,8.61,8.58,8.49,8.31,8.06,7.88,None,None,
1991-03-28,8.77,8.77,8.68,8.69,8.71,8.64,8.47,8.16,7.92,None,None,
1991-04-28,8.97,8.87,8.74,8.73,8.63,8.47,8.25,8.0,7.85,None,None,
1991-05-28,8.7,8.69,8.64,8.59,8.47,8.35,8.19,7.97,7.83,None,None,
1991-06-28,8.97,8.85,8.8,8.8,8.73,8.6,8.41,8.17,8.04,None,None,
1991-07-28,9.28,9.11,9.09,9.09,8.97,8.82,8.61,8.35,8.19,None,None,
1991-08-28,8.87,8.84,8.89,8.89,8.75,8.55,8.31,8.06,7.93,None,None,
1991-09-28,9.0,8.84,8.92,8.93,8.75,8.52,8.26,8.01,7.88,None,None,
1991-10-28,9.07,9.05,8.99,8.92,8.73,8.52,8.23,7.89,7.75,None,None,
1991-11-28,9.19,9.07,9.0,8.91,8.68,8.44,8.12,7.75,7.53,None,None,
1991-12-28,8.91,9.01,8.97,8.8,8.46,8.19,7.91,7.61,7.43,None,None,
1992-01-28,9.21,8.83,8.5,8.32,8.08,7.9,7.7,7.46,7.31,None,None,
1992-02-28,9.22,8.79,8.55,8.37,8.05,7.84,7.65,7.5,7.43,None,None,
1992-03-28,9.04,9.0,8.81,8.62,8.28,8.01,7.73,7.47,7.39,None,None,
1992-04-28,9.43,8.95,8.93,8.72,8.29,8.04,7.85,7.7,7.63,None,None,
1992-05-28,9.54,8.99,8.89,8.64,8.22,7.99,7.82,7.68,7.61,None,None,
1992-06-28,9.38,9.08,9.01,8.77,8.34,8.1,7.92,7.78,7.71,None,None,
1992-07-28,9.48,9.31,9.11,8.88,8.47,8.2,7.96,7.76,7.66,None,None,
1992-08-28,9.63,9.47,9.1,8.77,8.32,8.08,7.87,7.6,7.31,None,None,
1992-09-28,8.39,8.29,8.12,7.98,7.77,7.63,7.46,7.22,6.98,None,None,
1992-10-28,7.89,7.72,7.48,7.35,7.26,7.24,7.24,7.23,7.23,None,None,
1992-11-28,7.85,7.6,7.33,7.26,7.21,7.19,7.17,7.16,7.15,None,None,
1992-12-28,7.97,7.58,7.16,7.0,6.96,7.0,7.06,7.12,7.15,None,None,
1993-01-28,7.58,7.32,7.01,6.88,6.84,6.88,6.96,7.04,7.08,None,None,
1993-02-28,7.46,6.81,6.36,6.25,6.32,6.48,6.69,6.89,7.0,None,None,
1993-03-28,7.24,6.55,6.21,6.18,6.32,6.51,6.75,6.98,7.11,None,None,
1993-04-28,7.38,6.75,6.36,6.3,6.45,6.63,6.82,7.0,7.08,None,None,
1993-05-28,7.0,6.66,6.38,6.34,6.5,6.69,6.89,7.06,7.15,None,None,
1993-06-28,7.02,6.59,6.21,6.16,6.33,6.53,6.73,6.9,6.99,None,None,
1993-07-28,6.77,6.29,5.93,5.93,6.17,6.39,6.59,6.76,6.84,None,None,
1993-08-28,6.22,5.96,5.74,5.73,5.89,6.07,6.25,6.42,6.5,None,None,
1993-09-28,6.21,5.93,5.66,5.61,5.77,5.98,6.24,6.48,6.61,None,None,
1993-10-28,6.02,5.66,5.33,5.28,5.47,5.72,6.02,6.29,6.44,None,None,
1993-11-28,5.65,5.38,5.12,5.1,5.35,5.65,6.0,6.33,6.5,None,None,
1993-12-28,5.64,5.29,4.95,4.91,5.16,5.47,5.84,6.2,6.39,None,None,
1994-01-28,5.5,5.23,5.0,5.0,5.25,5.55,5.91,6.25,6.43,None,None,
1994-02-28,5.71,5.58,5.51,5.57,5.86,6.16,6.49,6.79,6.95,None,None,
1994-03-28,5.57,5.47,5.47,5.61,5.99,6.32,6.67,6.99,7.15,None,None,
1994-04-28,5.36,5.37,5.55,5.81,6.29,6.65,6.98,7.26,7.41,None,None,
1994-05-28,5.15,5.27,5.6,5.95,6.53,6.92,7.29,7.59,7.75,None,None,
1994-06-28,5.03,5.25,5.74,6.14,6.67,7.01,7.29,7.5,7.57,None,None,
1994-07-28,5.0,5.2,5.63,6.03,6.61,6.97,7.27,7.48,7.59,None,None,
1994-08-28,5.08,5.38,5.93,6.36,6.94,7.27,7.54,7.77,7.88,None,None,
1994-09-28,5.34,5.76,6.38,6.77,7.28,7.57,7.81,7.99,8.09,None,None,
1994-10-28,5.25,5.63,6.26,6.72,7.28,7.57,7.79,7.97,8.05,None,None,
1994-11-28,5.34,5.68,6.26,6.68,7.18,7.43,7.62,7.76,7.84,None,None,
1994-12-28,5.45,5.94,6.65,7.06,7.48,7.67,7.81,7.92,7.98,None,None,
1995-01-28,5.28,5.69,6.34,6.78,7.24,7.46,7.62,7.75,7.81,None,None,
1995-02-28,5.31,5.67,6.24,6.62,7.08,7.32,7.51,7.67,7.75,None,None,
1995-03-28,4.9,5.07,5.54,5.98,6.65,7.09,7.48,7.8,7.96,None,None,
1995-04-28,4.6,4.89,5.4,5.83,6.49,6.92,7.32,7.64,7.78,None,None,
1995-05-28,4.48,4.56,4.89,5.29,5.99,6.48,6.93,7.32,7.51,None,None,
1995-06-28,4.61,4.81,5.28,5.74,6.48,6.95,7.35,7.64,7.76,None,None,
1995-07-28,4.47,4.61,5.05,5.51,6.26,6.75,7.17,7.51,7.67,None,None,
1995-08-28,4.24,4.36,4.78,5.28,6.09,6.62,7.07,7.44,7.62,None,None,
1995-09-28,4.02,4.08,4.54,5.08,5.97,6.56,7.08,7.51,7.72,None,None,
1995-10-28,4.02,4.04,4.41,4.89,5.73,6.32,6.86,7.3,7.53,None,None,
1995-11-28,3.82,3.8,4.06,4.5,5.37,6.02,6.61,7.06,7.26,None,None,
1995-12-28,3.69,3.61,3.86,4.31,5.19,5.82,6.4,6.88,7.12,None,None,
1996-01-28,3.19,3.26,3.65,4.16,5.05,5.67,6.24,6.71,6.95,None,None,
1996-02-28,3.29,3.42,3.99,4.6,5.57,6.22,6.79,7.26,7.5,None,None,
1996-03-28,3.22,3.4,4.01,4.63,5.6,6.24,6.81,7.28,7.52,None,None,
1996-04-28,3.15,3.26,3.8,4.41,5.42,6.09,6.67,7.15,7.39,None,None,
1996-05-28,3.26,3.42,3.94,4.52,5.52,6.2,6.81,7.33,7.59,None,None,
1996-06-28,3.39,3.65,4.29,4.86,5.78,6.38,6.9,7.32,7.53,None,None,
1996-07-28,3.35,3.53,4.09,4.68,5.61,6.2,6.71,7.13,7.34,None,None,
1996-08-28,3.19,3.34,3.88,4.48,5.49,6.16,6.75,7.24,7.48,None,None,
1996-09-28,3.08,3.23,3.74,4.3,5.24,5.88,6.45,6.93,7.17,None,None,
1996-10-28,3.18,3.3,3.74,4.26,5.17,5.81,6.39,6.84,7.06,None,None,
1996-11-28,3.19,3.28,3.63,4.06,4.88,5.5,6.1,6.6,6.85,None,None,
1996-12-28,3.16,3.19,3.55,4.03,4.93,5.58,6.18,6.69,6.95,None,None,
1997-01-28,3.09,3.15,3.47,3.91,4.8,5.49,6.15,6.67,6.9,None,None,
1997-02-28,3.23,3.31,3.55,3.91,4.66,5.24,5.79,6.25,6.49,None,None,
1997-03-28,3.27,3.37,3.75,4.19,5.01,5.61,6.18,6.68,6.94,None,None,
1997-04-28,3.22,3.31,3.66,4.09,4.91,5.52,6.12,6.64,6.91,None,None,
1997-05-28,3.18,3.31,3.72,4.18,5.01,5.64,6.24,6.77,7.05,None,None,
1997-06-28,3.09,3.21,3.54,3.95,4.75,5.37,5.96,6.48,6.74,None,None,
1997-07-28,3.18,3.39,3.78,4.15,4.78,5.26,5.76,6.19,6.37,None,None,
1997-08-28,3.31,3.53,3.96,4.36,5.0,5.47,5.93,6.35,6.57,None,None,
1997-09-28,3.44,3.67,4.09,4.43,4.96,5.34,5.72,6.09,6.29,None,None,
1997-10-28,3.74,3.99,4.39,4.7,5.15,5.47,5.79,6.14,6.35,None,None,
1997-11-28,3.81,4.0,4.34,4.63,5.09,5.4,5.7,5.99,6.16,None,None,
1997-12-28,3.65,3.86,4.2,4.48,4.89,5.18,5.48,5.79,5.97,None,None,
1998-01-28,3.52,3.66,3.93,4.18,4.6,4.91,5.23,5.53,5.71,None,None,
1998-02-28,3.51,3.67,3.94,4.17,4.53,4.8,5.09,5.39,5.56,None,None,
1998-03-28,3.61,3.79,4.09,4.31,4.62,4.83,5.06,5.34,5.54,None,None,
1998-04-28,3.72,3.91,4.22,4.46,4.8,5.02,5.25,5.49,5.66,None,None,
1998-05-28,3.59,3.75,4.03,4.26,4.6,4.83,5.07,5.32,5.5,None,None,
1998-06-28,3.41,3.81,4.02,4.16,4.47,4.74,5.0,5.24,5.36,None,None,
1998-07-28,3.58,3.73,3.97,4.16,4.42,4.61,4.83,5.1,5.3,None,None,
1998-08-28,3.43,3.45,3.54,3.66,3.91,4.14,4.43,4.8,5.07,None,None,
1998-09-28,3.5,3.45,3.48,3.56,3.73,3.92,4.18,4.58,4.9,None,None,
1998-10-28,3.41,3.36,3.38,3.49,3.77,4.03,4.37,4.82,5.19,None,None,
1998-11-28,3.33,3.29,3.31,3.39,3.64,3.89,4.2,4.59,4.88,None,None,
1998-12-28,3.02,3.06,3.14,3.25,3.5,3.75,4.1,4.56,4.87,None,None,
1999-01-28,2.9,2.86,2.89,3.0,3.26,3.52,3.85,4.28,4.6,None,None,
1999-02-28,2.98,2.99,3.13,3.29,3.6,3.87,4.22,4.67,4.99,None,None,
1999-03-28,2.85,2.84,2.94,3.1,3.48,3.83,4.25,4.75,5.09,None,None,
1999-04-28,2.55,2.6,2.73,2.9,3.26,3.61,4.05,4.59,4.93,None,None,
1999-05-28,2.58,2.65,2.84,3.05,3.48,3.86,4.33,4.88,5.24,None,None,
1999-06-28,2.69,2.9,3.27,3.57,4.04,4.39,4.76,5.18,5.47,None,None,
1999-07-28,2.74,3.01,3.46,3.81,4.3,4.63,4.96,5.34,5.63,None,None,
1999-08-28,2.88,3.16,3.62,3.97,4.47,4.8,5.14,5.52,5.82,None,None,
1999-09-28,2.84,3.18,3.73,4.14,4.68,5.02,5.34,5.68,5.93,None,None,
1999-10-28,3.26,3.56,4.04,4.4,4.87,5.14,5.37,5.63,5.86,None,None,
1999-11-28,3.41,3.67,4.1,4.43,4.86,5.11,5.33,5.6,5.87,None,None,
1999-12-28,3.46,3.78,4.26,4.59,4.99,5.22,5.46,5.77,6.02,None,None,
2000-01-28,3.63,3.97,4.48,4.84,5.29,5.52,5.72,5.92,6.1,6.28,6.45,
2000-02-28,3.79,4.07,4.51,4.83,5.21,5.43,5.61,5.79,5.94,6.08,6.2,
2000-03-28,3.96,4.16,4.48,4.71,5.0,5.17,5.32,5.51,5.67,5.82,5.96,
2000-04-28,4.18,4.43,4.7,4.87,5.13,5.31,5.48,5.64,5.72,5.77,5.8,
2000-05-28,4.61,4.84,5.02,5.1,5.2,5.28,5.37,5.46,5.51,5.53,5.55,
2000-06-28,4.69,4.87,4.99,5.04,5.12,5.21,5.34,5.47,5.55,5.59,5.62,
2000-07-28,4.86,5.05,5.16,5.19,5.22,5.26,5.33,5.41,5.47,5.51,5.53,
2000-08-28,5.09,5.17,5.26,5.31,5.34,5.35,5.36,5.41,5.48,5.54,5.59,
2000-09-28,5.04,5.06,5.1,5.14,5.19,5.24,5.31,5.45,5.61,5.77,5.92,
2000-10-28,5.11,5.13,5.12,5.13,5.17,5.22,5.31,5.46,5.61,5.75,5.89,
2000-11-28,5.02,4.97,4.9,4.88,4.92,5.0,5.14,5.35,5.51,5.64,5.74,
2000-12-28,4.76,4.61,4.51,4.53,4.66,4.79,4.96,5.22,5.45,5.63,5.78,
2001-01-28,4.6,4.44,4.39,4.45,4.59,4.71,4.89,5.2,5.45,5.64,5.78,
2001-02-28,4.64,4.46,4.36,4.39,4.51,4.64,4.83,5.13,5.39,5.61,5.78,
2001-03-28,4.42,4.26,4.2,4.25,4.41,4.58,4.82,5.18,5.44,5.64,5.78,
2001-04-28,4.75,4.67,4.61,4.63,4.77,4.93,5.16,5.45,5.65,5.8,5.92,
2001-05-28,4.43,4.38,4.41,4.53,4.8,5.05,5.35,5.67,5.86,5.99,6.08,
2001-06-28,4.34,4.29,4.3,4.38,4.64,4.9,5.22,5.57,5.78,5.91,5.99,
2001-07-28,4.31,4.19,4.15,4.22,4.48,4.75,5.08,5.43,5.62,5.73,5.81,
2001-08-28,4.11,3.96,3.91,4.02,4.33,4.62,4.96,5.34,5.58,5.74,5.85,
2001-09-28,3.5,3.42,3.5,3.71,4.18,4.56,4.99,5.45,5.72,5.89,6.01,
2001-10-28,3.32,3.15,3.19,3.42,3.88,4.24,4.62,5.04,5.3,5.48,5.6,
2001-11-28,3.19,3.21,3.43,3.71,4.16,4.47,4.77,5.08,5.27,5.38,5.46,
2001-12-28,3.19,3.32,3.7,4.03,4.52,4.83,5.12,5.37,5.49,5.57,5.62,
2002-01-28,3.39,3.6,4.02,4.31,4.67,4.88,5.08,5.28,5.38,5.45,5.49,
2002-02-28,3.4,3.55,3.91,4.2,4.59,4.83,5.07,5.31,5.45,5.54,5.61,
2002-03-28,3.57,3.86,4.3,4.6,4.95,5.15,5.35,5.56,5.69,5.78,5.85,
2002-04-28,3.51,3.73,4.1,4.39,4.78,5.01,5.23,5.46,5.63,5.75,5.85,
2002-05-28,3.64,3.91,4.27,4.5,4.82,5.04,5.27,5.49,5.61,5.68,5.73,
2002-06-28,3.52,3.68,3.99,4.24,4.6,4.84,5.07,5.3,5.42,5.49,5.54,
2002-07-28,3.34,3.45,3.7,3.95,4.38,4.68,4.98,5.25,5.39,5.48,5.53,
2002-08-28,3.27,3.3,3.49,3.72,4.12,4.41,4.7,4.98,5.15,5.26,5.34,
2002-09-28,3.09,3.03,3.16,3.38,3.8,4.13,4.48,4.85,5.07,5.2,5.29,
2002-10-28,3.07,3.02,3.2,3.46,3.94,4.31,4.7,5.1,5.32,5.46,5.56,
2002-11-28,2.9,2.95,3.16,3.42,3.93,4.32,4.71,5.07,5.25,5.36,5.44,
2002-12-28,2.66,2.63,2.79,3.05,3.57,3.98,4.4,4.81,5.03,5.16,5.25,
2003-01-28,2.62,2.52,2.63,2.88,3.38,3.78,4.21,4.62,4.85,4.99,5.08,
2003-02-28,2.38,2.33,2.42,2.64,3.17,3.64,4.16,4.65,4.92,5.08,5.19,
2003-03-28,2.36,2.3,2.48,2.78,3.34,3.77,4.25,4.74,5.02,5.2,5.32,
2003-04-28,2.39,2.39,2.56,2.82,3.39,3.86,4.36,4.82,5.06,5.21,5.31,
2003-05-28,2.1,2.07,2.16,2.38,2.9,3.38,3.9,4.41,4.69,4.86,4.97,
2003-06-28,1.95,2.0,2.21,2.49,3.06,3.56,4.09,4.62,4.9,5.07,5.19,
2003-07-28,2.0,2.09,2.41,2.75,3.32,3.76,4.25,4.77,5.06,5.24,5.36,
2003-08-28,2.12,2.32,2.7,3.03,3.55,3.93,4.34,4.76,5.0,5.15,5.26,
2003-09-28,1.99,2.09,2.37,2.68,3.28,3.76,4.26,4.74,5.0,5.15,5.26,
2003-10-28,2.13,2.34,2.77,3.14,3.7,4.11,4.52,4.93,5.16,5.31,5.41,
2003-11-28,2.16,2.41,2.85,3.23,3.81,4.21,4.61,4.98,5.18,5.3,5.38,
2003-12-28,2.05,2.26,2.66,3.03,3.62,4.05,4.48,4.86,5.07,5.19,5.27,
2004-01-28,2.03,2.19,2.56,2.93,3.56,4.02,4.48,4.9,5.12,5.25,5.33,
2004-02-28,1.93,2.02,2.3,2.63,3.25,3.74,4.25,4.72,4.97,5.13,5.23,
2004-03-28,1.86,1.93,2.19,2.52,3.16,3.66,4.18,4.66,4.92,5.07,5.17,
2004-04-28,2.01,2.17,2.56,2.94,3.52,3.95,4.4,4.85,5.1,5.25,5.35,
2004-05-28,2.1,2.3,2.68,3.03,3.61,4.04,4.49,4.91,5.13,5.27,5.36,
2004-06-28,2.12,2.36,2.79,3.15,3.7,4.09,4.49,4.87,5.09,5.22,5.31,
2004-07-28,2.12,2.32,2.7,3.05,3.6,3.99,4.39,4.78,5.0,5.16,5.26,
2004-08-28,2.11,2.22,2.53,2.86,3.41,3.81,4.21,4.61,4.86,5.03,5.14,
2004-09-28,2.16,2.32,2.61,2.89,3.37,3.74,4.13,4.53,4.76,4.91,5.0,
2004-10-28,2.16,2.27,2.52,2.77,3.23,3.6,4.01,4.42,4.66,4.8,4.9,
2004-11-28,2.16,2.22,2.41,2.64,3.1,3.48,3.9,4.3,4.52,4.65,4.74,
2004-12-28,2.14,2.28,2.53,2.76,3.14,3.44,3.79,4.17,4.41,4.56,4.66,
2005-01-28,2.12,2.22,2.44,2.65,3.02,3.32,3.64,3.95,4.13,4.23,4.3,
2005-02-28,2.12,2.27,2.57,2.8,3.18,3.47,3.78,4.08,4.24,4.34,4.41,
2005-03-28,2.15,2.29,2.55,2.78,3.16,3.45,3.78,4.1,4.26,4.34,4.37,
2005-04-28,2.07,2.1,2.27,2.47,2.85,3.16,3.51,3.86,4.06,4.18,4.26,
2005-05-28,2.07,2.1,2.21,2.38,2.72,3.02,3.36,3.71,3.91,4.04,4.12,
2005-06-28,2.01,1.98,2.04,2.2,2.56,2.89,3.24,3.58,3.76,3.87,3.94,
2005-07-28,2.1,2.14,2.27,2.42,2.71,2.97,3.26,3.57,3.75,3.87,3.95,
2005-08-28,2.1,2.14,2.25,2.38,2.66,2.91,3.21,3.52,3.69,3.77,3.82,
2005-09-28,2.15,2.23,2.39,2.53,2.79,3.01,3.26,3.54,3.71,3.81,3.88,
2005-10-28,2.29,2.41,2.61,2.79,3.06,3.27,3.49,3.73,3.88,3.97,4.03,
2005-11-28,2.55,2.64,2.78,2.91,3.12,3.29,3.49,3.72,3.87,3.97,4.04,
2005-12-28,2.55,2.71,2.86,2.95,3.08,3.2,3.34,3.52,3.65,3.74,3.81,
2006-01-28,2.62,2.77,2.97,3.1,3.28,3.41,3.56,3.72,3.81,3.87,3.91,
2006-02-28,2.68,2.85,3.05,3.16,3.32,3.44,3.58,3.72,3.8,3.85,3.88,
2006-03-28,2.85,3.08,3.31,3.43,3.59,3.71,3.84,3.97,4.04,4.08,4.11,
2006-04-28,2.92,3.17,3.44,3.59,3.79,3.93,4.08,4.21,4.28,4.33,4.35,
2006-05-28,2.97,3.2,3.41,3.52,3.7,3.85,4.03,4.2,4.3,4.36,4.4,
2006-06-28,3.09,3.38,3.61,3.72,3.88,4.02,4.17,4.31,4.39,4.44,4.47,
2006-07-28,3.18,3.39,3.55,3.62,3.74,3.85,4.0,4.17,4.26,4.31,4.35,
2006-08-28,3.33,3.48,3.54,3.56,3.63,3.74,3.87,4.01,4.09,4.14,4.17,
2006-09-28,3.47,3.56,3.56,3.55,3.58,3.64,3.73,3.83,3.89,3.93,3.95,
2006-10-28,3.6,3.7,3.71,3.71,3.74,3.78,3.84,3.9,3.93,3.95,3.97,
2006-11-28,3.64,3.7,3.68,3.65,3.66,3.7,3.77,3.85,3.9,3.93,3.95,
2006-12-28,3.75,3.85,3.89,3.9,3.91,3.94,3.99,4.05,4.09,4.11,4.13,
2007-01-28,3.85,3.95,3.99,4.0,4.04,4.09,4.15,4.21,4.25,4.27,4.29,
2007-02-28,3.89,3.92,3.89,3.87,3.9,3.95,4.01,4.09,4.13,4.15,4.17,
2007-03-28,3.96,4.02,4.02,4.01,4.0,4.04,4.11,4.2,4.27,4.31,4.34,
2007-04-28,4.06,4.14,4.17,4.17,4.18,4.21,4.28,4.36,4.42,4.45,4.48,
2007-05-28,4.19,4.33,4.39,4.39,4.39,4.4,4.44,4.51,4.56,4.6,4.62,
2007-06-28,4.26,4.39,4.48,4.5,4.52,4.55,4.61,4.69,4.74,4.77,4.79,
2007-07-28,4.29,4.36,4.33,4.31,4.32,4.35,4.42,4.5,4.55,4.58,4.6,
2007-08-28,4.12,4.11,4.07,4.09,4.16,4.25,4.36,4.51,4.61,4.67,4.71,
2007-09-28,4.07,4.08,4.09,4.13,4.22,4.31,4.43,4.58,4.68,4.75,4.78,
2007-10-28,4.12,4.12,4.07,4.06,4.11,4.18,4.29,4.44,4.54,4.62,4.67,
2007-11-28,4.06,3.94,3.81,3.8,3.9,4.03,4.21,4.44,4.6,4.71,4.78,
2007-12-28,4.07,4.07,4.08,4.11,4.2,4.3,4.46,4.65,4.76,4.79,4.77,
2008-01-28,3.85,3.63,3.46,3.47,3.63,3.83,4.1,4.41,4.6,4.72,4.8,
2008-02-28,3.8,3.48,3.21,3.21,3.46,3.75,4.1,4.45,4.63,4.75,4.82,
2008-03-28,3.88,3.71,3.56,3.56,3.69,3.87,4.12,4.46,4.68,4.84,4.94,
2008-04-28,4.01,3.95,3.83,3.85,3.98,4.13,4.33,4.6,4.77,4.87,4.92,
2008-05-28,4.2,4.32,4.32,4.3,4.32,4.4,4.55,4.77,4.92,5.03,5.1,
2008-06-28,4.42,4.6,4.62,4.58,4.57,4.61,4.72,4.87,4.97,5.04,5.09,
2008-07-28,4.49,4.44,4.38,4.35,4.36,4.43,4.56,4.76,4.87,4.88,4.82,
2008-08-28,4.38,4.28,4.14,4.06,4.03,4.1,4.27,4.55,4.69,4.69,4.61,
2008-09-28,2.44,3.24,3.47,3.53,3.72,3.96,4.25,4.56,4.73,4.83,4.9,
2008-10-28,2.34,2.39,2.5,2.73,3.22,3.64,4.08,4.47,4.59,4.55,4.44,
2008-11-28,1.92,1.98,2.13,2.31,2.7,3.08,3.53,3.96,4.06,3.97,3.81,
2008-12-28,1.5,1.61,1.83,2.04,2.46,2.83,3.28,3.73,3.89,3.87,3.76,
2009-01-28,1.03,1.22,1.59,1.95,2.57,3.09,3.65,4.15,4.26,4.18,4.02,
2009-02-28,0.9,1.05,1.37,1.7,2.32,2.87,3.5,4.07,4.23,4.17,4.0,
2009-03-28,0.73,0.92,1.3,1.66,2.29,2.82,3.43,4.04,4.27,4.28,4.19,
2009-04-28,0.76,0.99,1.42,1.81,2.48,3.01,3.61,4.17,4.35,4.3,4.09,
2009-05-28,0.8,0.91,1.41,1.92,2.73,3.32,3.93,4.49,4.7,4.72,4.65,
2009-06-28,0.59,0.84,1.41,1.88,2.61,3.16,3.74,4.3,4.53,4.57,4.51,
2009-07-28,0.43,0.73,1.42,1.91,2.61,3.12,3.66,4.16,4.36,4.39,4.33,
2009-08-28,0.44,0.73,1.38,1.89,2.57,3.02,3.49,3.96,4.2,4.3,4.31,
2009-09-28,0.42,0.72,1.31,1.81,2.53,3.01,3.49,3.96,4.18,4.24,4.22,
2009-10-28,0.5,0.85,1.41,1.85,2.54,3.04,3.59,4.11,4.32,4.35,4.28,
2009-11-28,0.52,0.8,1.27,1.67,2.32,2.83,3.4,3.96,4.2,4.26,4.21,
2009-12-28,0.44,0.77,1.33,1.79,2.52,3.06,3.63,4.17,4.37,4.39,4.31,
2010-01-28,0.41,0.69,1.19,1.62,2.33,2.87,3.46,3.99,4.19,4.21,4.13,
2010-02-28,0.36,0.51,0.93,1.38,2.17,2.77,3.39,3.94,4.13,4.14,4.05,
2010-03-28,0.38,0.54,0.97,1.42,2.2,2.78,3.37,3.88,4.05,4.07,4.0,
2010-04-28,0.38,0.48,0.83,1.27,2.07,2.67,3.27,3.75,3.91,3.92,3.86,
2010-05-28,0.19,0.23,0.49,0.85,1.61,2.25,2.89,3.39,3.55,3.57,3.54,
2010-06-28,0.25,0.29,0.52,0.83,1.54,2.16,2.82,3.34,3.48,3.49,3.46,
2010-07-28,0.45,0.54,0.81,1.13,1.78,2.33,2.92,3.41,3.57,3.58,3.52,
2010-08-28,0.39,0.42,0.58,0.81,1.32,1.77,2.27,2.69,2.82,2.8,2.73,
2010-09-28,0.54,0.6,0.78,1.0,1.48,1.91,2.42,2.89,3.06,3.06,2.97,
2010-10-28,0.83,0.86,1.03,1.26,1.78,2.24,2.73,3.15,3.26,3.21,3.1,
2010-11-28,0.63,0.67,0.88,1.18,1.8,2.35,2.91,3.34,3.41,3.34,3.21,
2010-12-28,0.45,0.56,0.87,1.25,1.99,2.59,3.19,3.65,3.72,3.64,3.49,
2011-01-28,0.83,1.04,1.45,1.82,2.44,2.9,3.36,3.74,3.83,3.78,3.66,
2011-02-28,0.89,1.1,1.48,1.82,2.4,2.85,3.33,3.73,3.84,3.78,3.65,
2011-03-28,0.95,1.32,1.81,2.16,2.71,3.12,3.54,3.91,4.02,3.99,3.9,
2011-04-28,1.18,1.46,1.87,2.18,2.67,3.04,3.45,3.82,3.95,3.95,3.87,
2011-05-28,1.19,1.4,1.66,1.91,2.38,2.77,3.2,3.61,3.77,3.77,3.7,
2011-06-28,1.28,1.39,1.61,1.83,2.27,2.67,3.16,3.7,3.94,3.99,3.92,
2011-07-28,1.04,1.11,1.27,1.46,1.87,2.28,2.8,3.36,3.59,3.61,3.52,
2011-08-28,0.57,0.65,0.68,0.87,1.36,1.81,2.35,2.93,3.22,3.33,3.33,
2011-09-28,0.28,0.38,0.59,0.81,1.24,1.63,2.11,2.64,2.87,2.9,2.83,
2011-10-28,0.36,0.42,0.59,0.8,1.27,1.73,2.32,2.93,3.15,3.14,3.01,
2011-11-28,-0.04,0.1,0.4,0.71,1.32,1.86,2.5,3.1,3.28,3.23,3.08,
2011-12-28,-0.06,-0.02,0.14,0.36,0.87,1.38,1.99,2.55,2.68,2.6,2.42,
2012-01-28,0.09,0.09,0.19,0.36,0.84,1.34,1.99,2.63,2.82,2.76,2.6,
2012-02-28,0.14,0.13,0.22,0.39,0.85,1.34,1.97,2.58,2.75,2.69,2.52,
2012-03-28,0.11,0.12,0.22,0.39,0.86,1.36,1.99,2.61,2.78,2.72,2.55,
2012-04-28,0.06,0.04,0.09,0.23,0.66,1.15,1.8,2.47,2.69,2.65,2.5,
2012-05-28,0.04,0.0,0.01,0.11,0.44,0.84,1.38,1.93,2.09,2.04,1.89,
2012-06-28,0.03,0.03,0.12,0.27,0.68,1.13,1.73,2.35,2.57,2.55,2.42,
2012-07-28,-0.06,-0.1,-0.08,0.03,0.41,0.85,1.45,2.09,2.34,2.38,2.32,
2012-08-28,-0.01,-0.06,-0.04,0.07,0.44,0.88,1.46,2.07,2.29,2.3,2.23,
2012-09-28,-0.03,-0.04,0.01,0.14,0.53,0.96,1.54,2.17,2.42,2.43,2.33,
2012-10-28,0.03,-0.01,0.03,0.15,0.55,1.0,1.6,2.23,2.48,2.51,2.44,
2012-11-28,0.01,-0.03,-0.02,0.09,0.45,0.87,1.47,2.13,2.41,2.44,2.37,
2012-12-28,0.02,-0.04,-0.04,0.05,0.39,0.8,1.38,2.02,2.27,2.29,2.2,
2013-01-28,0.11,0.14,0.26,0.41,0.77,1.14,1.65,2.23,2.49,2.53,2.45,
2013-02-28,0.03,-0.01,0.02,0.12,0.48,0.92,1.52,2.2,2.47,2.49,2.38,
2013-03-28,0.03,-0.03,-0.07,0.0,0.31,0.72,1.32,2.03,2.33,2.38,2.28,
2013-04-28,0.03,-0.01,-0.01,0.06,0.35,0.72,1.26,1.91,2.21,2.26,2.18,
2013-05-28,0.02,-0.01,0.03,0.14,0.5,0.92,1.51,2.19,2.49,2.53,2.43,
2013-06-28,0.04,0.06,0.17,0.33,0.74,1.18,1.76,2.38,2.63,2.65,2.55,
2013-07-28,0.05,0.06,0.15,0.3,0.71,1.16,1.76,2.41,2.67,2.67,2.56,
2013-08-28,0.05,0.08,0.2,0.39,0.85,1.33,1.94,2.58,2.82,2.83,2.72,
2013-09-28,0.09,0.07,0.13,0.27,0.69,1.17,1.82,2.52,2.79,2.8,2.67,
2013-10-28,0.09,0.08,0.12,0.25,0.65,1.11,1.75,2.47,2.78,2.82,2.72,
2013-11-28,0.09,0.07,0.11,0.24,0.66,1.15,1.82,2.55,2.83,2.85,2.73,
2013-12-28,0.11,0.13,0.24,0.44,0.95,1.47,2.11,2.75,2.97,2.97,2.86,
2014-01-28,0.1,0.06,0.08,0.2,0.61,1.09,1.73,2.42,2.67,2.68,2.57,
2014-02-28,0.11,0.08,0.11,0.23,0.61,1.06,1.67,2.35,2.63,2.67,2.6,
2014-03-28,0.17,0.13,0.14,0.25,0.61,1.04,1.65,2.33,2.61,2.65,2.57,
2014-04-28,0.17,0.13,0.15,0.25,0.6,1.02,1.61,2.27,2.55,2.59,2.51,
2014-05-28,0.09,0.05,0.04,0.13,0.44,0.84,1.42,2.1,2.41,2.46,2.38,
2014-06-28,0.04,0.0,0.01,0.09,0.38,0.76,1.31,1.99,2.31,2.38,2.31,
2014-07-28,0.04,0.0,0.0,0.07,0.35,0.69,1.21,1.85,2.16,2.23,2.17,
2014-08-28,0.01,-0.03,-0.04,0.01,0.23,0.51,0.95,1.52,1.82,1.91,1.88,
2014-09-28,-0.04,-0.08,-0.1,-0.05,0.19,0.5,0.99,1.62,1.95,2.05,2.02,
2014-10-28,-0.07,-0.04,-0.04,-0.04,0.15,0.45,0.89,1.39,1.68,1.85,1.96,
2014-11-28,-0.05,-0.02,-0.03,-0.04,0.1,0.35,0.75,1.23,1.51,1.69,1.8,
2014-12-28,-0.14,-0.1,-0.1,-0.1,0.02,0.24,0.6,1.05,1.32,1.48,1.59,
2015-01-28,-0.16,-0.16,-0.16,-0.16,-0.07,0.09,0.35,0.68,0.89,1.02,1.1,
2015-02-28,-0.18,-0.21,-0.24,-0.23,-0.12,0.05,0.33,0.72,0.96,1.06,1.08,
2015-03-28,-0.25,-0.25,-0.24,-0.21,-0.11,0.03,0.22,0.44,0.57,0.65,0.71,
2015-04-28,-0.26,-0.26,-0.22,-0.17,-0.02,0.14,0.36,0.61,0.78,0.88,0.96,
2015-05-28,-0.24,-0.25,-0.23,-0.18,0.01,0.24,0.56,0.94,1.13,1.19,1.18,
2015-06-28,-0.26,-0.27,-0.24,-0.16,0.11,0.42,0.86,1.38,1.63,1.7,1.67,
2015-07-28,-0.25,-0.27,-0.26,-0.19,0.03,0.29,0.68,1.14,1.38,1.46,1.47,
2015-08-28,-0.24,-0.25,-0.22,-0.15,0.07,0.33,0.71,1.18,1.42,1.49,1.46,
2015-09-28,-0.25,-0.27,-0.26,-0.2,-0.01,0.24,0.61,1.07,1.32,1.41,1.4,
2015-10-28,-0.32,-0.34,-0.34,-0.29,-0.1,0.15,0.51,0.97,1.21,1.3,1.29,
2015-11-28,-0.37,-0.41,-0.42,-0.38,-0.18,0.08,0.49,1.01,1.3,1.4,1.39,
2015-12-28,-0.4,-0.39,-0.35,-0.26,-0.01,0.28,0.7,1.22,1.5,1.59,1.58,
2016-01-28,-0.43,-0.46,-0.48,-0.44,-0.26,-0.03,0.34,0.81,1.06,1.14,1.13,
2016-02-28,-0.48,-0.53,-0.56,-0.55,-0.42,-0.22,0.11,0.53,0.77,0.87,0.88,
2016-03-28,-0.48,-0.5,-0.52,-0.49,-0.36,-0.17,0.13,0.54,0.78,0.89,0.91,
2016-04-28,-0.53,-0.51,-0.5,-0.48,-0.33,-0.1,0.25,0.65,0.89,1.03,1.13,
2016-05-28,-0.55,-0.53,-0.53,-0.51,-0.38,-0.16,0.17,0.56,0.79,0.93,1.02,
2016-06-28,-0.65,-0.65,-0.66,-0.65,-0.55,-0.38,-0.14,0.15,0.32,0.42,0.49,
2016-07-28,-0.63,-0.61,-0.64,-0.64,-0.54,-0.39,-0.15,0.12,0.29,0.39,0.45,
2016-08-28,-0.63,-0.62,-0.64,-0.64,-0.56,-0.4,-0.16,0.15,0.32,0.43,0.5,
2016-09-28,-0.71,-0.7,-0.72,-0.72,-0.63,-0.47,-0.21,0.11,0.29,0.4,0.48,
2016-10-28,-0.72,-0.67,-0.63,-0.59,-0.42,-0.19,0.13,0.49,0.69,0.82,0.9,
2016-11-28,-0.84,-0.84,-0.8,-0.7,-0.45,-0.17,0.2,0.62,0.81,0.88,0.89,
2016-12-28,-0.92,-0.84,-0.8,-0.76,-0.51,-0.18,0.22,0.62,0.83,0.96,1.04,
2017-01-28,-0.68,-0.7,-0.7,-0.62,-0.31,0.04,0.46,0.88,1.11,1.24,1.33,
2017-02-28,-0.92,-0.92,-0.92,-0.86,-0.59,-0.25,0.18,0.64,0.88,1.03,1.13,
2017-03-28,-0.76,-0.76,-0.74,-0.66,-0.39,-0.07,0.33,0.76,1.0,1.14,1.24,
2017-04-28,-0.76,-0.79,-0.74,-0.65,-0.37,-0.06,0.34,0.76,1.0,1.15,1.25,
2017-05-28,-0.76,-0.77,-0.74,-0.68,-0.42,-0.09,0.33,0.78,1.03,1.19,1.29,
2017-06-28,-0.71,-0.66,-0.6,-0.51,-0.23,0.08,0.48,0.89,1.11,1.25,1.34,
2017-07-28,-0.7,-0.72,-0.68,-0.56,-0.23,0.12,0.55,1.01,1.25,1.38,1.45,
2017-08-28,-0.77,-0.77,-0.74,-0.66,-0.37,-0.05,0.35,0.78,1.01,1.16,1.26,
2017-09-28,-0.76,-0.76,-0.73,-0.63,-0.3,0.04,0.46,0.89,1.13,1.28,1.38,
2017-10-28,-0.79,-0.81,-0.77,-0.66,-0.35,-0.02,0.41,0.88,1.13,1.26,1.33,
2017-11-28,-0.77,-0.77,-0.71,-0.59,-0.29,0.03,0.42,0.85,1.07,1.19,1.25,
2017-12-28,-0.78,-0.72,-0.64,-0.5,-0.18,0.12,0.48,0.87,1.1,1.24,1.34,
2018-01-28,-0.65,-0.66,-0.54,-0.35,0.03,0.34,0.69,1.02,1.2,1.31,1.38,
2018-02-28,-0.65,-0.66,-0.56,-0.37,0.02,0.35,0.7,1.05,1.23,1.32,1.36,
2018-03-28,-0.69,-0.69,-0.6,-0.45,-0.11,0.19,0.53,0.87,1.05,1.16,1.24,
2018-04-28,-0.67,-0.66,-0.56,-0.41,-0.06,0.26,0.6,0.93,1.12,1.23,1.3,
2018-05-28,-0.65,-0.68,-0.65,-0.54,-0.23,0.09,0.44,0.79,0.98,1.1,1.17,
2018-06-28,-0.66,-0.69,-0.65,-0.54,-0.25,0.04,0.38,0.73,0.92,1.04,1.12,
2018-07-28,-0.68,-0.67,-0.6,-0.48,-0.19,0.09,0.43,0.78,0.97,1.08,1.15,
2018-08-28,-0.66,-0.65,-0.61,-0.51,-0.25,0.03,0.35,0.7,0.89,1.01,1.1,
2018-09-28,-0.64,-0.62,-0.54,-0.4,-0.09,0.18,0.49,0.8,0.98,1.08,1.15,
2018-10-28,-0.74,-0.72,-0.65,-0.51,-0.2,0.08,0.4,0.73,0.92,1.04,1.12,
2018-11-28,-0.69,-0.68,-0.64,-0.53,-0.26,0.01,0.33,0.68,0.88,1.0,1.08,
2018-12-28,-0.75,-0.7,-0.65,-0.56,-0.31,-0.06,0.25,0.57,0.76,0.87,0.95,
2019-01-28,-0.57,-0.59,-0.58,-0.51,-0.33,-0.12,0.15,0.45,0.64,0.76,0.84,
2019-02-28,-0.57,-0.57,-0.55,-0.49,-0.32,-0.12,0.15,0.47,0.66,0.78,0.86,
2019-03-28,-0.58,-0.61,-0.62,-0.59,-0.47,-0.3,-0.07,0.24,0.44,0.57,0.65,
2019-04-28,-0.56,-0.59,-0.6,-0.56,-0.41,-0.23,0.03,0.35,0.56,0.69,0.78,
2019-05-28,-0.6,-0.64,-0.69,-0.69,-0.59,-0.44,-0.2,0.11,0.31,0.43,0.52,
2019-06-28,-0.66,-0.7,-0.75,-0.75,-0.66,-0.52,-0.31,-0.04,0.14,0.25,0.33,
2019-07-28,-0.7,-0.72,-0.78,-0.79,-0.73,-0.62,-0.43,-0.16,0.02,0.15,0.24,
2019-08-28,-0.79,-0.85,-0.92,-0.95,-0.93,-0.85,-0.71,-0.49,-0.33,-0.23,-0.17,
